document_id,shipment_id,document_type,relative_path,sha256,size_bytes
DOC-SHP-1001-SI,SHP-1001,SI,doc-shp-1001-si.pdf,752e1f7dc6eae38a5dc1f481fccbe387e8e8e65092e9d729ffe912ca00676f31,1001
DOC-SHP-1001-BL,SHP-1001,DRAFT_BL,doc-shp-1001-bl.pdf,f5db952df6e500de7f5bafb4b9def572d61ee00b1b839fd9978dd45f5b9fae57,1000
DOC-SHP-1002-SI,SHP-1002,SI,doc-shp-1002-si.pdf,c030b9896ac8f7aec89a04c1aa9f67837901075444c91a5614e8a94702bd484f,1014
DOC-SHP-1002-BL,SHP-1002,DRAFT_BL,doc-shp-1002-bl.pdf,db233781f5477a3b762cbbf1e2c6c5f6f70195142d77cd9d3ce3fdb910ef20e7,1014
DOC-SHP-1003-SI,SHP-1003,SI,doc-shp-1003-si.pdf,9584ccc8084f2303e77bbbc8e9d909af7206392c71481a948141bb5f0144874a,1005
DOC-SHP-1004-SI,SHP-1004,SI,doc-shp-1004-si.pdf,b90c3701aa20e1854f3e2f57ef430147572f3a028b779dceb70d84786e52323e,1013
DOC-SHP-1004-BL,SHP-1004,DRAFT_BL,doc-shp-1004-bl.pdf,3d6d5fed9af8bc766bdb7744d55234bc214854e4d75321bfaac9525361431b42,36
DOC-SHP-1005-SI,SHP-1005,SI,doc-shp-1005-si.pdf,65bd1e812108fdb08fc203cb91835c66f2b45d0c99b8b11657497717d53b67e8,1006
DOC-SHP-1005-BL,SHP-1005,DRAFT_BL,doc-shp-1005-bl.pdf,14dafb580911bb953158fb73f39e01b759caea96fe53b6551a48aea09d1093e2,1011
DOC-SHP-1006-SI,SHP-1006,SI,doc-shp-1006-si.pdf,207bbb88b67106ee80f789cbb0be1ef9c35e46c5b601064b7e5dc6ccd60b5875,1009
DOC-SHP-1006-BL,SHP-1006,DRAFT_BL,doc-shp-1006-bl.pdf,be985a2935696ab815b053f99400d2c8509ee330109e7a9caa538fec3264790e,1009
DOC-SHP-1006-SI-B,SHP-1006,SI,doc-shp-1006-si-b.pdf,07ea087a68b4929f9e51e3108f3527696d7f1f22f397d28205eeedf997287842,1022
