document_id,parse_content,consignee,port_of_loading,port_of_discharge,container_number,container_count,gross_weight_kg,marks_and_numbers,min_confidence,processing_status,error_details
DOC-SHP-1001-SI,"SHIPPING INSTRUCTION | Shipment ID: SHP-1001 | Shipper: Nimbus Components | Consignee: Orion Motors | Notify Party: Orion Logistics | Port of Loading: Penang / MYPEN | Port of Discharge: Laem Chabang / THLCH | Container Count: 1 x 40HC | Gross Weight: 10,000 KG | SYNTHETIC HACKATHON DOCUMENT - NOT FOR COMMERCIAL USE",Orion Motors,Penang / MYPEN,Laem Chabang / THLCH,,1,10000,,0.95,PARSED,
DOC-SHP-1001-BL,DRAFT BILL OF LADING | Shipment ID: SHP-1001 | Shipper: Nimbus Components | Consignee: Orion Motors | Notify Party: Orion Logistics | Port of Loading: Penang / MYPEN | Port of Discharge: Laem Chabang / THLCH | Container Count: 1 container | Gross Weight: 10 MT | SYNTHETIC HACKATHON DOCUMENT - NOT FOR COMMERCIAL USE,Orion Motors,Penang / MYPEN,Laem Chabang / THLCH,,1,10000,,0.95,PARSED,
DOC-SHP-1002-SI,SHIPPING INSTRUCTION | Shipment ID: SHP-1002 | Shipper: Straits Metals | Consignee: Pacific Appliances | Notify Party: Pacific Import Desk | Port of Loading: Port Klang / MYPKG | Port of Discharge: Ho Chi Minh City / VNSGN | Container Count: 1 container | Gross Weight: 8 MT | SYNTHETIC HACKATHON DOCUMENT - NOT FOR COMMERCIAL USE,Pacific Appliances,Port Klang / MYPKG,Ho Chi Minh City / VNSGN,,1,8000,,0.95,PARSED,
DOC-SHP-1002-BL,"DRAFT BILL OF LADING | Shipment ID: SHP-1002 | Shipper: Straits Metals | Consignee: Pacific Appliances | Notify Party: Pacific Import Desk | Port of Loading: Port Klang / MYPKG | Port of Discharge: Laem Chabang / THLCH | Container Count: 1 container | Gross Weight: 7,800 KG | SYNTHETIC HACKATHON DOCUMENT - NOT FOR COMMERCIAL USE",Pacific Appliances,Port Klang / MYPKG,Laem Chabang / THLCH,,1,7800,,0.95,PARSED,
DOC-SHP-1003-SI,"SHIPPING INSTRUCTION | Shipment ID: SHP-1003 | Shipper: Nimbus Components | Consignee: Orion Motors | Notify Party: Orion Logistics | Port of Loading: Penang / MYPEN | Port of Discharge: Laem Chabang / THLCH | Container Count: 1 container | Gross Weight: 12,000 KGS | SYNTHETIC HACKATHON DOCUMENT - NOT FOR COMMERCIAL USE",Orion Motors,Penang / MYPEN,Laem Chabang / THLCH,,1,12000,,0.95,PARSED,
DOC-SHP-1004-SI,SHIPPING INSTRUCTION | Shipment ID: SHP-1004 | Shipper: Hanse Precision | Consignee: Southern Mobility | Notify Party: Southern Mobility Ops | Port of Loading: Singapore / SGSIN | Port of Discharge: Port Klang / MYPKG | Container Count: 1 container | Gross Weight: 6 tonnes | SYNTHETIC HACKATHON DOCUMENT - NOT FOR COMMERCIAL USE,Southern Mobility,Singapore / SGSIN,Port Klang / MYPKG,,1,6000,,0.95,PARSED,
DOC-SHP-1004-BL,,,,,,,,,,FAILED,Synthetic unreadable PDF fixture.
DOC-SHP-1005-SI,"SHIPPING INSTRUCTION | Shipment ID: SHP-1005 | Shipper: Straits Metals | Consignee: Pacific Appliances | Notify Party: Pacific Import Desk | Port of Loading: Port Klang / MYPKG | Port of Discharge: Cat Lai / VNSGN | Container Count: 1 x 20GP | Gross Weight: 7,000 KG | SYNTHETIC HACKATHON DOCUMENT - NOT FOR COMMERCIAL USE",Pacific Appliances,Port Klang / MYPKG,Cat Lai / VNSGN,,1,7000,,0.95,PARSED,
DOC-SHP-1005-BL,DRAFT BILL OF LADING | Shipment ID: SHP-1005 | Shipper: Straits Metals | Consignee: Pacific Appliances | Notify Party: Pacific Import Desk | Port of Loading: Port Klang / MYPKG | Port of Discharge: Ho Chi Minh City / VNSGN | Container Count: 1 x 20GP | Gross Weight: 7 MT | SYNTHETIC HACKATHON DOCUMENT - NOT FOR COMMERCIAL USE,Pacific Appliances,Port Klang / MYPKG,Ho Chi Minh City / VNSGN,,1,7000,,0.95,PARSED,
DOC-SHP-1006-SI,"SHIPPING INSTRUCTION | Shipment ID: SHP-1006 | Shipper: Hanse Precision | Consignee: Southern Mobility | Notify Party: Southern Mobility Ops | Port of Loading: Singapore / SGSIN | Port of Discharge: Penang / MYPEN | Container Count: 1 container | Gross Weight: 9,000 KG | SYNTHETIC HACKATHON DOCUMENT - NOT FOR COMMERCIAL USE",Southern Mobility,Singapore / SGSIN,Penang / MYPEN,,1,9000,,0.95,PARSED,
DOC-SHP-1006-BL,"DRAFT BILL OF LADING | Shipment ID: SHP-1006 | Shipper: Hanse Precision | Consignee: Southern Mobility | Notify Party: Southern Mobility Ops | Port of Loading: Singapore / SGSIN | Port of Discharge: Penang / MYPEN | Container Count: 1 container | Gross Weight: 9,000 KG | SYNTHETIC HACKATHON DOCUMENT - NOT FOR COMMERCIAL USE",Southern Mobility,Singapore / SGSIN,Penang / MYPEN,,1,9000,,0.95,PARSED,
DOC-SHP-1006-SI-B,"SHIPPING INSTRUCTION - REVISION B | Shipment ID: SHP-1006 | Shipper: Hanse Precision | Consignee: Southern Mobility | Notify Party: Alternate Notify Desk | Port of Loading: Singapore / SGSIN | Port of Discharge: Penang / MYPEN | Container Count: 1 container | Gross Weight: 9,000 KG | SYNTHETIC HACKATHON DOCUMENT - NOT FOR COMMERCIAL USE",Southern Mobility,Singapore / SGSIN,Penang / MYPEN,,1,9000,,0.95,PARSED,
